age,qx_m,qx_f
0,0.028326,0.024522
1,0.001885,0.003986
2,0.000345,0.001037
3,0.000209,0.000352
4,0.000206,0.000151
5,0.000221,0.000084
6,0.000240,0.000062
7,0.000262,0.000057
8,0.000286,0.000062
9,0.000316,0.000078
10,0.000353,0.000107
11,0.000404,0.000156
12,0.000474,0.000231
13,0.000571,0.000336
14,0.000702,0.000476
15,0.000875,0.000655
16,0.001094,0.000874
17,0.001363,0.001131
18,0.001682,0.001425
19,0.002049,0.001752
20,0.002461,0.002106
21,0.002911,0.002483
22,0.003392,0.002875
23,0.003897,0.003277
24,0.004417,0.003683
25,0.004944,0.004087
26,0.005471,0.004484
27,0.005990,0.004869
28,0.006496,0.005240
29,0.006985,0.005592
30,0.007453,0.005924
31,0.007897,0.006234
32,0.008318,0.006522
33,0.008714,0.006787
34,0.009088,0.007029
35,0.009441,0.007251
36,0.009775,0.007453
37,0.010095,0.007637
38,0.010404,0.007805
39,0.010707,0.007960
40,0.011009,0.008104
41,0.011315,0.008241
42,0.011629,0.008374
43,0.011959,0.008507
44,0.012309,0.008642
45,0.012687,0.008784
46,0.013097,0.008936
47,0.013546,0.009104
48,0.014041,0.009291
49,0.014589,0.009502
50,0.015196,0.009742
51,0.015870,0.010016
52,0.016618,0.010329
53,0.017448,0.010689
54,0.018367,0.011100
55,0.019385,0.011571
56,0.020511,0.012107
57,0.021753,0.012717
58,0.023122,0.013410
59,0.024629,0.014195
60,0.026284,0.015083
61,0.028100,0.016083
62,0.030090,0.017209
63,0.032267,0.018474
64,0.034646,0.019891
65,0.037242,0.021478
66,0.040072,0.023250
67,0.043152,0.025227
68,0.046502,0.027429
69,0.050141,0.029879
70,0.054090,0.032600
71,0.058371,0.035619
72,0.063005,0.038964
73,0.068018,0.042666
74,0.073435,0.046758
75,0.079281,0.051276
76,0.085583,0.056258
77,0.092368,0.061745
78,0.099666,0.067778
79,0.107506,0.074405
80,0.115914,0.081672
81,0.124922,0.089629
82,0.134558,0.098327
83,0.144848,0.107820
84,0.155821,0.118159
85,0.167501,0.129398
86,0.179912,0.141590
87,0.193075,0.154783
88,0.207006,0.169026
89,0.221720,0.184361
90,0.237227,0.200825
91,0.253530,0.218447
92,0.270630,0.237249
93,0.288520,0.257240
94,0.307185,0.278418
95,0.326606,0.300766
96,0.346756,0.324255
97,0.367598,0.348837
98,0.389091,0.374449
99,0.411183,0.401011
100,0.433819,0.428424
101,0.456933,0.456578
102,0.480455,0.485345
103,0.504310,0.514585
104,0.528416,0.544151
105,0.552690,0.573886
106,0.577046,0.603632
107,0.601396,0.633229
108,0.625652,0.662522
109,0.649730,0.691359
110,1.000000,1.000000
